Category,Url,Currency,Price,Client Name,Blogger Name,Blogger Email,Blogger Mobile,Spam Score,DR,Traffic,DA,Location,Added By,Status
Technology,http://www.proctor.com/,GBP,315.17,Rebecca Sullivan,Emily Day,lauraanderson@cole-mcbride.com,+1-475-719-2141x94460,0,30,91606,64,India,Emma,1
Technology,https://www.jones.biz/,EUR,95.99,Kaylee Pruitt,Jeffrey Holder,jodijones@hotmail.com,101.314.2819,48,22,47152,54,UAE,Emma,1
News,https://www.gonzalez.com/,JPY,106.17,Larry Peck MD,Daniel Neal,tylercunningham@yahoo.com,706.030.4475x975,48,20,72457,47,UAE,Emma,1
Fashion,https://www.jackson.com/,USD,347.57,Kristine Vargas,James Roberts,thomasgreen@johnson.org,(623)901-3499,98,47,10558,39,UK,Olivia,0
News,https://castro.biz/,CHF,425.35,Tracy Hanson,Elizabeth Rodriguez,gregoryclay@yahoo.com,(698)681-0168,20,57,46666,36,India,Noah,1
Travel,http://www.rice-benton.com/,CHF,127.01,Jeremy Berg,Nathaniel Bishop,hkelly@yahoo.com,001-924-894-3607x123,93,41,21517,69,USA,Emma,1
Education,https://www.silva.info/,USD,153.07,Lauren Wolf,Matthew Weber,priceashley@cooper.com,(972)187-7843,4,50,52681,44,UK,John,0
Technology,http://www.anderson.net/,CHF,274.65,Kenneth Ellis,Justin Flores,michaelreid@floyd.com,+1-056-675-9810x17934,82,68,18826,43,Germany,John,0
Travel,http://www.anderson-murray.com/,GBP,454.02,Dana Townsend,Kimberly Brewer,jessicafreeman@gmail.com,(989)238-0108,51,56,28846,27,UAE,Olivia,1
Fashion,https://www.sanchez.com/,USD,118.78,Christina Roman,Tracy Perkins,hernandezjohn@chavez.biz,(033)638-2167x93908,20,64,78272,18,USA,Olivia,0
Travel,https://guerrero.biz/,EUR,486.99,Taylor Molina,Michael Esparza,lwallace@whitney.com,596-667-9256x96695,1,24,89453,78,India,Noah,0
Fashion,http://www.le.com/,EUR,245.64,Lisa Young,Mark Bennett,isabelgilbert@yahoo.com,+1-646-368-2589x61700,58,10,94746,43,UAE,John,1
Education,http://graham.info/,CHF,278.45,Troy Garcia,Kevin Nguyen,smithkatie@hotmail.com,327-170-3708x78228,25,29,49109,30,UAE,Liam,1
Travel,https://www.chavez.org/,EUR,269.87,Michelle Thomas,Margaret Williams,brittany55@turner.org,735139886,14,56,40406,40,UK,John,1
Fashion,http://www.stephens.com/,CHF,268.7,Jacob Ruiz,William Bernard,mfleming@hotmail.com,(383)922-4699x5644,8,78,16583,26,USA,Liam,1
Education,http://www.herrera-davis.org/,JPY,442.59,Brian Olsen,Cynthia Smith,ujohnson@yahoo.com,001-554-762-6633x3061,54,37,70786,35,India,Olivia,0
News,https://cooper-watson.com/,JPY,253.17,Austin Waters DVM,Michael Hall,andrea65@roberson-patterson.com,(146)389-6586x421,31,38,8492,53,UK,Liam,1
Travel,http://www.mayo.com/,INR,53.24,Brooke Cooper,Debbie Bautista,howellsarah@hotmail.com,4900375817,90,90,7816,39,UK,Admin,0
Fashion,https://www.gomez.org/,JPY,157.1,Sharon Powell,Steven Wilkinson,fcook@yahoo.com,608-686-3417x8318,85,72,28180,79,Germany,Noah,0
Technology,https://fowler.info/,GBP,413.37,Gregg Stewart,Daryl Lyons,diana05@hotmail.com,+1-203-548-6172x600,24,22,12804,65,India,Olivia,0
News,http://rodriguez.net/,CHF,74.38,Kathy Edwards,Larry Bradford,afox@hotmail.com,+1-180-476-7303x49890,83,22,8044,61,India,Admin,1
Technology,http://sutton-sosa.com/,INR,291.33,Alan Pearson,Stephanie Campbell,zadams@whitaker-donovan.com,420.496.2106,17,64,24150,45,USA,John,1
News,http://www.daniels-greene.org/,JPY,94.06,Tina Ramirez,Deanna Chavez,garrett67@copeland-holt.biz,001-019-402-7213x24561,83,79,2034,21,Germany,John,0
News,http://wilson.com/,GBP,146.19,Roger Pineda,Lawrence Martin,ronaldtaylor@bradley-gonzalez.com,058.198.1471,51,17,21679,58,UK,Olivia,0
News,http://www.flynn.org/,EUR,240.35,Dwayne Anderson,Zachary Ryan,jenkinsstephanie@gmail.com,(640)110-0482x036,93,81,86852,72,Germany,John,0
Technology,http://johnson.org/,USD,310.63,Gwendolyn Jimenez,Lee May,roygabrielle@gmail.com,(272)874-1673x082,69,17,98138,50,UK,Admin,0
Travel,http://www.gonzales-wright.biz/,JPY,120.84,Eugene Thomas,Leslie Jones,robertbryant@lynch.com,+1-483-565-9572x7858,65,20,24456,18,UAE,Admin,1
News,http://garcia.com/,USD,473.72,Daniel Daniel,Steven Frederick,murphyadrienne@gomez.com,572.988.8819x7068,72,41,75980,86,UK,Liam,1
News,https://www.beasley.com/,CHF,312.65,Jorge Molina,Robert Campbell,alexandria19@gmail.com,001-395-345-4879x1756,66,50,34279,36,India,John,0
News,https://www.baker.com/,INR,352.26,Monica Berger,Cole Flores,csullivan@watson-shepherd.com,(529)707-5923,38,68,41541,19,UK,Olivia,1
Fashion,http://fowler.net/,JPY,145.92,Ricky Fields,Peter Mullen,carolynwright@gmail.com,770-066-8205x84679,33,26,45845,18,Germany,Emma,0
Technology,https://patterson.com/,GBP,425.19,Michael House,Cheryl Fuller,qmarshall@king.com,+1-108-689-6090x376,90,48,80273,77,UK,Noah,0
Fashion,https://winters.com/,INR,169.01,Benjamin Park,April Kaiser,karlajackson@gmail.com,1535268173,13,80,20474,44,India,Liam,1
Education,http://perry-perry.com/,INR,359.37,Aaron Thomas,Felicia Daniel,whitneyjohnson@schwartz.com,035-977-6238x8266,33,74,64132,42,UK,Admin,0
Education,http://martinez.org/,USD,51.6,Jose Watts,Dana Carr,christine64@gmail.com,834.727.7433x3200,98,26,83607,43,Germany,Noah,0
Travel,http://ortiz-randolph.com/,CHF,242.46,David Garner,Michael Hodges,espears@yahoo.com,(770)943-0960,1,24,9962,29,UAE,Admin,0
Travel,http://www.williams-smith.info/,JPY,116.64,Sergio Barnes,Randy Thomas,matthewsmichael@gmail.com,(241)807-9982,16,15,40504,56,UK,Emma,1
Technology,https://sosa.com/,CHF,96.26,Emily Powell,Timothy Bishop,mcdonaldpamela@ray.com,059-863-6213,99,81,53364,89,Germany,John,1
Technology,https://www.fox.com/,GBP,61.15,Amber Mitchell,Joseph King,twilliams@hotmail.com,119.854.4068,94,52,54064,41,India,John,1
News,http://www.wright.com/,USD,436.37,Andrew Hill,Phyllis Hall,charles79@gmail.com,(806)745-7138,28,35,60432,54,India,John,1
Fashion,https://sullivan-hayes.biz/,CHF,136.91,Katherine Jackson,Chad Martin,patriciahartman@gmail.com,300.980.8811x15844,42,45,9199,45,India,Noah,0
Travel,http://www.wright.info/,EUR,472.66,Patrick Gardner,Nicole Sims,vickie41@hotmail.com,563.919.4673,14,43,23505,84,India,Admin,1
Travel,https://www.adams.com/,GBP,205.56,James Miller,Michael Parrish,martinezpamela@yahoo.com,203.220.6256x87713,100,50,57299,87,UAE,Admin,0
Travel,https://www.cobb-miller.com/,INR,164.63,Mark Pham,David Ramirez,lisa64@weber-goodwin.info,(119)366-6785,90,65,321,76,UAE,Noah,1
Education,https://www.thomas.com/,GBP,81.49,Billy Bell,Adam Bryan,paul64@combs-douglas.info,673.697.6220,85,52,81778,50,UK,Noah,0
Travel,http://lara.com/,EUR,350.1,Jennifer Thomas,William Serrano,lopezelizabeth@allison.net,(178)719-3540x148,41,61,91484,47,UAE,John,1
News,http://white.com/,CHF,473.16,Kevin Gonzalez,Jordan Underwood,kevin47@yahoo.com,854.175.7109x295,86,32,80776,82,India,Olivia,1
Education,https://www.stephens-gregory.biz/,EUR,144.58,Judith Edwards,Luis Tucker,crystal50@yahoo.com,007.536.7367x24214,100,84,79616,51,USA,Olivia,0
