Category,Url,Currency,Price,Client Name,Blogger Name,Blogger Email,Blogger Mobile,Spam Score,DR,Traffic,DA,Location,Added By,Status
Health & Fitness,http://www.healthboost.net/,USD,275.5,James Carter,Sophia Hill,sophiahill@healthboost.net,9876543210,1,45,8500,60,United States,Mike,1
Finance,http://www.investsmart.org/,EUR,400,Sarah Johnson,Liam Brown,liam.b@investsmart.org,9123456789,3,55,4000,70,United Kingdom,Lucy,1
Education,http://www.learnwell.edu/,USD,150.75,David Smith,Ava Green,ava.green@learnwell.edu,9988776655,2,40,5000,58,Canada,Jack,0
Travel,http://www.wanderloop.com/,AUD,320.99,Emily White,Noah Scott,noah@wanderloop.com,8877665544,0,48,6700,66,Australia,Sophie,1
Fashion,http://www.stylepulse.com/,INR,180,Rachel Lee,Olivia King,olivia@stylepulse.com,9090909090,1,35,7000,62,India,Raj,0
Food & Recipes,http://www.tastifyblog.com/,USD,190.25,George Baker,Emma Watson,emma@tastifyblog.com,8765432109,0,42,4500,57,United States,Nick,1
Gaming,http://www.pixelarena.net/,EUR,310,Alice Cooper,Ethan Moore,ethan@pixelarena.net,9988123456,4,50,9000,63,Germany,Anna,0
Technology,http://www.motortrendz.com/,USD,285.75,Kevin Adams,Mia Clark,mia@motortrendz.com,9123987654,1,47,1200,59,United States,Bob,1
Business & Marketing,http://www.propertyhive.org/,AUD,360,Natalie Brown,Jacob White,jacob@propertyhive.org,9988001122,2,53,9800,68,Australia,Tom,1
DIY & Home,http://www.furfriendshub.com/,GBP,220.4,Liam Wilson,Isabella Young,isabella@furfriendshub.com,9000112233,0,36,4200,55,United States,Emily,0
Entertainment,http://www.proplaysports.net/,USD,410.3,Megan Taylor,Alexander Ray,alex@proplaysports.net,9870011223,2,58,9800,71,United States,Nina,1
News & Politics,http://www.dailyreporter.com/,EUR,300,Charlotte Reed,Benjamin Cole,ben@dailyreporter.com,9966554433,3,60,9800,69,France,Steve,1
DIY & Home,http://www.snapmagic.com/,INR,199,Andrew Hall,Chloe Grant,chloe@snapmagic.com,9112233445,1,43,6100,61,India,Karan,0
DIY & Home,http://www.happyfamilies.net/,USD,270.75,Samantha Cox,Daniel Wood,daniel@happyfamilies.net,9344556677,0,39,5300,60,United States,Sara,1
DIY & Home,http://www.creativelogic.art/,EUR,295.9,Ethan Evans,Grace Turner,grace@creativelogic.art,9900887766,2,41,4800,56,Italy,Rosa,0
