Category,Url,Currency,Price,Client Name,Blogger Name,Blogger Email,Blogger Mobile,Spam Score,DR,Traffic,DA,Location,Added By,Status
Fashion,https://www.example14.com,EUR,340,Client 14,Blogger 14,blogger14@example.com,8150774717,19.7,12,5812,33,India,Admin,1
Education,https://www.example15.com,EUR,287,Client 15,Blogger 15,blogger15@example.com,6003964743,12.8,23,5426,16,USA,Admin,0
Fashion,https://www.example16.com,EUR,334,Client 16,Blogger 16,blogger16@example.com,9091386148,22.8,32,7490,45,France,User,1
Fashion,https://www.example17.com,AED,254,Client 17,Blogger 17,blogger17@example.com,8197173498,7.3,38,2660,53,Germany,Admin,1
Education,https://www.example18.com,AED,370,Client 18,Blogger 18,blogger18@example.com,9206501815,5.7,50,2215,45,USA,User,0
Travel,https://www.example19.com,USD,459,Client 19,Blogger 19,blogger19@example.com,9472239833,9.3,18,7675,19,India,Admin,1
Technology,https://www.example20.com,EUR,364,Client 20,Blogger 20,blogger20@example.com,6630129351,15.8,23,1234,48,UK,User,1
Technology,https://www.example21.com,AED,273,Client 21,Blogger 21,blogger21@example.com,6070804420,10.5,53,1737,20,USA,User,1
Education,https://www.example22.com,EUR,140,Client 22,Blogger 22,blogger22@example.com,6157011117,5,48,5416,16,France,Admin,1
Health,https://www.example23.com,AED,181,Client 23,Blogger 23,blogger23@example.com,9383588587,21.9,18,6389,55,France,User,1
Fashion,https://www.example24.com,USD,360,Client 24,Blogger 24,blogger24@example.com,9607559321,9.1,23,8804,10,France,User,0
Technology,https://www.example25.com,INR,393,Client 25,Blogger 25,blogger25@example.com,9449281285,17.4,11,8247,53,Germany,Admin,0
Technology,https://www.example26.com,GBP,63,Client 26,Blogger 26,blogger26@example.com,7900878421,17.6,57,9900,56,India,User,1
Fashion,https://www.example27.com,GBP,482,Client 27,Blogger 27,blogger27@example.com,8072664294,15.3,27,4664,25,USA,User,1
Technology,https://www.example28.com,GBP,129,Client 28,Blogger 28,blogger28@example.com,7191939131,18.8,38,4643,51,UK,Admin,1
Education,https://www.example29.com,EUR,401,Client 29,Blogger 29,blogger29@example.com,8653411414,18.4,19,2651,42,USA,Admin,0
Technology,https://www.example30.com,EUR,489,Client 30,Blogger 30,blogger30@example.com,9018330464,10,58,4667,36,India,Admin,1
Fashion,https://www.example31.com,AED,129,Client 31,Blogger 31,blogger31@example.com,9603337762,11,26,2072,13,USA,User,1
Technology,https://www.example32.com,USD,156,Client 32,Blogger 32,blogger32@example.com,8571319916,9.9,17,9994,10,India,User,1
Fashion,https://www.example33.com,AED,253,Client 33,Blogger 33,blogger33@example.com,7388716472,5.3,23,9514,38,France,Admin,1
Health,https://www.example34.com,EUR,213,Client 34,Blogger 34,blogger34@example.com,7677636340,21.2,21,9485,55,UK,User,1
Travel,https://www.example35.com,AED,135,Client 35,Blogger 35,blogger35@example.com,6378497679,7,31,4829,29,Germany,Admin,0
Health,https://www.example36.com,EUR,374,Client 36,Blogger 36,blogger36@example.com,9932274566,20,28,4384,19,UK,Admin,1
Fashion,https://www.example37.com,EUR,262,Client 37,Blogger 37,blogger37@example.com,6086066605,12.1,60,8510,44,USA,Admin,0
Health,https://www.example38.com,EUR,342,Client 38,Blogger 38,blogger38@example.com,8267492972,10.7,30,2322,42,Germany,Admin,1
Health,https://www.example39.com,EUR,78,Client 39,Blogger 39,blogger39@example.com,7640735486,9.5,29,6601,24,USA,Admin,0
Technology,https://www.example40.com,EUR,280,Client 40,Blogger 40,blogger40@example.com,7876971541,5.1,27,6793,39,UK,Admin,1
Travel,https://www.example41.com,USD,254,Client 41,Blogger 41,blogger41@example.com,6284439536,7,38,7678,17,Germany,User,1
Travel,https://www.example42.com,AED,181,Client 42,Blogger 42,blogger42@example.com,6290615293,9.3,21,6907,41,UK,User,1
Fashion,https://www.example43.com,USD,97,Client 43,Blogger 43,blogger43@example.com,9722129919,13.6,29,6973,19,Germany,Admin,0
Fashion,https://www.example44.com,AED,318,Client 44,Blogger 44,blogger44@example.com,9213494792,17.6,54,8113,56,Germany,Admin,1
Fashion,https://www.example45.com,AED,250,Client 45,Blogger 45,blogger45@example.com,6131716200,12.2,31,9317,47,USA,Admin,1
Travel,https://www.example46.com,USD,319,Client 46,Blogger 46,blogger46@example.com,6250627341,14,52,6961,30,India,Admin,0
Fashion,https://www.example47.com,GBP,377,Client 47,Blogger 47,blogger47@example.com,9277388262,15.7,32,7504,36,USA,User,0
Health,https://www.example48.com,INR,457,Client 48,Blogger 48,blogger48@example.com,6712202314,15.2,23,6689,60,UK,User,1
Education,https://www.example49.com,GBP,336,Client 49,Blogger 49,blogger49@example.com,9502396126,6.1,33,4969,17,India,Admin,1
