Category,Url,Currency,Price,Client Name,Blogger Name,Blogger Email,Blogger Mobile,Spam Score,DR,Traffic,DA,Location,Mode,Added  By,Status,Approved
Business & Marketing,marketedge.biz,USD,360,Edge Media Co,Hannah Davis,hannah@marketedge.biz,8888882222,15.6,46,9300,38,Brazil,Manual,Admin,approved,Yes
Food & Recipes,dailyplate.net,EUR,185,Plate daily Inc,Marcus Bell,markus@dailyplate.net,,20.1,35,8700,34,Italy,Manual,Admin,approved,Yes
Education,brainwave.academy,USD,190,General,Jasmine Clark,jasmine@brainwave.academy,6543210987,11,36,5800,28,India,Manual,Admin,approved,Yes
Finance,https://finmentor.io,USD,380,Mentor Finance,Rachel Brooks,rachel@finmentor.io,8765432109,12,41,8700,34,Canada,Manual,Admin,approved,Yes
Technology,techbuzz.ai,USD,310,Buzz Tech Corp,Jordan Smith,jordan@buzztech.ai,,10.5,45,9200,36,United States,Manual,Admin,approved,Yes
