Category,Url,Currency,Price,Client Name,Blogger Name,Blogger Email,Blogger Mobile,Spam Score,DR,Traffic,DA,Location,Added By
Technology,http://www.techinsight.com/,USD,299.99,Emily Clark,Liam Carter,liam@techinsight.com,9123456789,1,45,9500,63,United States,Mike
Travel,http://www.exploremore.net/,EUR,350.5,Ava Smith,Noah Wright,noah@exploremore.net,9988776655,0,48,9000,60,France,Sophie
Food & Recipes,http://www.tasteheaven.com/,INR,220,Rahul Mehra,Simran Kaur,simran@tasteheaven.com,9876543210,2,39,5200,55,India,Ritika
Lifestyle,http://www.trendyvibes.com/,GBP,310.75,Charlotte Green,Ethan Scott,ethan@trendyvibes.com,9000112233,1,42,6100,59,United Kingdom,Lucy
Education,http://www.brighterminds.edu/,AUD,265,John Davis,Alice Wong,alice@brighterminds.edu,9988123456,0,50,7800,62,Australia,Tom
Business & Marketing,http://www.marketgenius.org/,CAD,425.25,Olivia Brown,Ethan Moore,ethan@marketgenius.org,9988001122,3,54,8750,70,Canada,Steve
Finance,http://www.savvyfinance.com/,JPY,380,James Carter,Haruka Yamada,haruka@savvyfinance.com,9344556677,2,47,8900,66,Japan,Takashi
News & Politics,http://www.globalcurrentaffairs.net/,CHF,295.1,Sara Collins,George Muller,george@globalcurrentaffairs.net,9870011223,1,58,9700,65,Switzerland,Nina
Health & Fitness,http://www.fitpulse.net/,BR L,230.6,Laura Santos,Carlos Lima,carlos@fitpulse.net,9345566778,0,44,7100,61,Brazil,Beatriz
Entertainment,http://www.flickbuzz.com/,KRW,210.9,Megan Lee,Daniel Kim,daniel@flickbuzz.com,9344556677,1,38,6700,57,South Korea,Jin
Gaming,http://www.arcadeland.org/,RUB,340.2,Alexey Ivanov,Olga Petrova,olga@arcadeland.org,9234567810,2,46,8600,64,Russia,Ivan
Fashion,http://www.stylediaries.com/,MYR,198.75,Aisha Rahman,Alia Tan,alia@stylediaries.com,9011223344,0,41,5500,58,Malaysia,Amir
DIY & Home,http://www.homefixnow.com/,SGD,320,Samantha Khoo,Benjamin Ng,ben@homefixnow.com,9009988776,1,43,6000,62,Singapore,Rachel
General,http://www.dailygist.net/,HKD,280.4,Jayden Park,Eunji Lee,eunji@dailygist.net,9023456712,1,37,4300,56,Hong Kong,Liam
Technology,http://www.digitera.tech/,ZAR,360.85,Nokuthula Moyo,Sipho Dlamini,sipho@digitera.tech,9056781234,3,49,9900,68,South Africa,Nandi
